ad_account_id,owner,business_center
7576614236823322642,负责人名称,GARRY INTERNATIONAL TRADING CO.. LIMITED
7576614331635548178,负责人名称,GARRY INTERNATIONAL TRADING CO.. LIMITED
7576614353083105287,负责人名称,GARRY INTERNATIONAL TRADING CO.. LIMITED
7576614651943567376,负责人名称,GARRY INTERNATIONAL TRADING CO.. LIMITED
7576614725270765585,负责人名称,GARRY INTERNATIONAL TRADING CO.. LIMITED
7577341877423505426,负责人名称,GARRY INTERNATIONAL TRADING CO.. LIMITED
7577341940815904775,负责人名称,GARRY INTERNATIONAL TRADING CO.. LIMITED
7577341941248081938,负责人名称,GARRY INTERNATIONAL TRADING CO.. LIMITED
7577342372993007633,负责人名称,GARRY INTERNATIONAL TRADING CO.. LIMITED
7577342432937918465,负责人名称,GARRY INTERNATIONAL TRADING CO.. LIMITED
7550981544345845761,负责人名称,AlylikeFs01
7550981646187593745,负责人名称,AlylikeFs01
7550981689632407568,负责人名称,AlylikeFs01
7550981810784649233,负责人名称,AlylikeFs01
7553978550353690625,负责人名称,AlylikeFs01
7553978558864064529,负责人名称,AlylikeFs01
7553978606299037713,负责人名称,AlylikeFs01
7553978630750289937,负责人名称,AlylikeFs01
7553978674474844161,负责人名称,AlylikeFs01
7575125433130532872,负责人名称,AlylikeFs01
7575125776421388296,负责人名称,AlylikeFs01
7575126302282579984,负责人名称,AlylikeFs01
7575126386231246864,负责人名称,AlylikeFs01
7575126389238792193,负责人名称,AlylikeFs01




